<?xml version="1.0" encoding="UTF-8" ?>
<!DOCTYPE tiles-definitions PUBLIC
  "-//Apache Software Foundation//DTD Tiles Configuration 3.0//EN"
  "http://tiles.apache.org/dtds/tiles-config_3_0.dtd">
<tiles-definitions>
	  <definition name="/goods/goodsDetail" extends="baseLayout">
         <put-attribute name="title" value="" />
         <put-attribute name="body" value="/WEB-INF/views/goods/goodsDetail.jsp" />
      </definition>  
      
      <definition name="/goods/searchGoods" extends="baseLayout">
         <put-attribute name="title" value="상품 검색 결과 페이지" />
         <put-attribute name="body" value="/WEB-INF/views/goods/searchGoods.jsp" />
      </definition>
  
</tiles-definitions>


