<?xml version="1.0" encoding="UTF-8" ?>
<!DOCTYPE mapper PUBLIC "-//mybatis.org//DTD Mapper 3.0//EN" "http://mybatis.org/dtd/mybatis-3-mapper.dtd">

<mapper namespace="mapper.admin.member">
	
	<select id="listMember" resultType="MemberDTO" parameterType="java.util.HashMap"  >
		  SELECT  
    				*  
    	  FROM 
    				T_SHOPPING_MEMBER 
          WHERE 
           		TO_CHAR(JOIN_DATE,'yyyy-mm-dd') BETWEEN #{beginDate} AND #{endDate} 
           		<if test="search_type == 'all' and search_type != null">
       				AND MEMBER_NAME LIKE '%'|| #{search_word} || '%'
       				OR  MEMBER_ID 	LIKE '%'|| #{search_word} || '%'
     				</if>
           		<if test="search_type == 'memberName' and search_type != null">
       				AND MEMBER_NAME LIKE '%'|| #{search_word} || '%'
     				</if>
           		<if test="search_type == 'memberId' and search_type != null">
       				AND MEMBER_ID LIKE '%'|| #{search_word} || '%'
     			</if>			            		
           	
       	ORDER BY 
       			JOIN_DATE DESC
	</select>
	
    <select id="memberDetail" resultType="MemberDTO" parameterType="String">
	    SELECT 
	    		* 
	    FROM 
	    		T_SHOPPING_MEMBER
           WHERE 
           		MEMBER_ID = #{memberId}
	</select>	
	

	<update id="modifyMemberInfo" parameterType="java.util.HashMap">
	   UPDATE T_SHOPPING_MEMBER
		  <set>
		      <if test="memberPw != '' and memberPw != null">
		        MEMBER_PW = #{memberPw},
		      </if>
		      <if test="memberName != '' and memberName != null">
		        MEMBER_NAME = #{memberName},
		      </if>
		      <if test="memberGender != '' and memberGender != null">
		         MEMBER_GENDER = #{memberGender},
		      </if>
		       <if test="memberBirthY != '' and memberBirthY != null">
		         MEMBER_BIRTH_Y = #{memberBirthY},
		      </if>
		      <if test="memberBirthM != '' and memberBirthM != null">
		         MEMBER_BIRTH_M = #{memberBirthM},
		      </if>
		      <if test="memberBirthD != '' and memberBirthD != null">
		         MEMBER_BIRTH_D = #{memberBirthD},
		      </if>
		      <if test="memberBirthGn != '' and memberBirthGn != null">
		         MEMBER_BIRTH_GN = #{memberBirthGn},
		      </if>
		      <if test="tel1 != '' and tel1 != null">
		         TEL1 = #{tel1},
		      </if>
		      <if test="tel2 != '' and tel2 != null">
		         TEL2 = #{tel2},
		      </if>
		      <if test="tel3 != '' and tel3 != null">
		         TEL3 = #{tel3},
		      </if>
		      <if test="hp1 != '' and hp1 != null">
		         HP1 = #{hp1},
		      </if>
		      <if test="hp2 != '' and hp2 != null">
		         HP2 = #{hp2},
		      </if>
		      <if test="hp3 != '' and hp3 != null">
		         HP3 = #{hp3},
		      </if>
		      <if test="smsstsYn != '' and smsstsYn != null">
		         SMSSTS_YN = #{smsstsYn},
		      </if>
		      <if test="email1 != '' and email1 != null">
		         EMAIL1 = #{email1},
		      </if>
		      <if test="email2 != '' and email2 != null">
		         EMAIL2 = #{email2},
		      </if>
		      <if test="emailstsYn != '' and emailstsYn != null">
		         EMAILSTS_YN = #{emailstsYn},
		      </if>
		      <if test="zipcode != '' and zipcode != null">
		         ZIPCODE = #{zipcode},
		      </if>
		      <if test="roadAddress != '' and roadAddress != null">
		         ROADADDRESS = #{roadAddress},
		      </if>			     
		      <if test="jibunAddress != '' and jibunAddress != null">
		         JIBUNADDRESS = #{jibunAddress},
		      </if>
		      <if test="namujiAddress != '' and namujiAddress != null">
		         NAMUJIADDRESS = #{namujiAddress},
		      </if>
		      <if test="delYn != '' and delYn != null">
		         DEL_YN = #{delYn},
		      </if>
		    </set>
		WHERE 
				MEMBER_ID = #{memberId}
	</update>	
</mapper>

